<roll_call_vote>
<congress>113</congress>
<session>1</session>
<congress_year>2013</congress_year>
<vote_number>287</vote_number>
<vote_date>December 20, 2013, 10:22 AM</vote_date>
<modify_date>December 20, 2013, 01:12 PM</modify_date>
<vote_question_text>On the Cloture Motion PN784</vote_question_text>
<vote_document_text>
John Andrew Koskinen, of the District of Columbia, to be Commissioner of Internal Revenue for the term expiring November 12, 2017
</vote_document_text>
<vote_result_text>Cloture Motion Agreed to (56-39)</vote_result_text>
<question>On the Cloture Motion</question>
<vote_title>
Motion to Invoke Cloture on the Nomination of John A. Koskinen, to be Commissioner of Internal Revenue
</vote_title>
<majority_requirement>1/2</majority_requirement>
<vote_result>Cloture Motion Agreed to</vote_result>
<document>
<document_congress>113</document_congress>
<document_type>PN</document_type>
<document_number>784</document_number>
<document_name>PN784</document_name>
<document_title>
John Andrew Koskinen, of the District of Columbia, to be Commissioner of Internal Revenue for the term expiring November 12, 2017
</document_title>
<document_short_title/>
</document>
<amendment>
<amendment_number/>
<amendment_to_document_number/>
<amendment_purpose>No Statement of Purpose on File.</amendment_purpose>
</amendment>
<count>
<yeas>56</yeas>
<nays>39</nays>
<present/>
<absent>5</absent>
</count>
<tie_breaker>
<by_whom/>
<tie_breaker_vote/>
</tie_breaker>
<members>
<member>
<member_full>Alexander (R-TN)</member_full>
<last_name>Alexander</last_name>
<first_name>Lamar</first_name>
<party>R</party>
<state>TN</state>
<vote_cast>Not Voting</vote_cast>
<lis_member_id>S289</lis_member_id>
</member>
<member>
<member_full>Ayotte (R-NH)</member_full>
<last_name>Ayotte</last_name>
<first_name>Kelly</first_name>
<party>R</party>
<state>NH</state>
<vote_cast>Nay</vote_cast>
<lis_member_id>S340</lis_member_id>
</member>
<member>
<member_full>Baldwin (D-WI)</member_full>
<last_name>Baldwin</last_name>
<first_name>Tammy</first_name>
<party>D</party>
<state>WI</state>
<vote_cast>Yea</vote_cast>
<lis_member_id>S354</lis_member_id>
</member>
<member>
<member_full>Barrasso (R-WY)</member_full>
<last_name>Barrasso</last_name>
<first_name>John</first_name>
<party>R</party>
<state>WY</state>
<vote_cast>Nay</vote_cast>
<lis_member_id>S317</lis_member_id>
</member>
<member>
<member_full>Baucus (D-MT)</member_full>
<last_name>Baucus</last_name>
<first_name>Max</first_name>
<party>D</party>
<state>MT</state>
<vote_cast>Yea</vote_cast>
<lis_member_id>S127</lis_member_id>
</member>
<member>
<member_full>Begich (D-AK)</member_full>
<last_name>Begich</last_name>
<first_name>Mark</first_name>
<party>D</party>
<state>AK</state>
<vote_cast>Yea</vote_cast>
<lis_member_id>S319</lis_member_id>
</member>
<member>
<member_full>Bennet (D-CO)</member_full>
<last_name>Bennet</last_name>
<first_name>Michael</first_name>
<party>D</party>
<state>CO</state>
<vote_cast>Yea</vote_cast>
<lis_member_id>S330</lis_member_id>
</member>
<member>
<member_full>Blumenthal (D-CT)</member_full>
<last_name>Blumenthal</last_name>
<first_name>Richard</first_name>
<party>D</party>
<state>CT</state>
<vote_cast>Yea</vote_cast>
<lis_member_id>S341</lis_member_id>
</member>
<member>
<member_full>Blunt (R-MO)</member_full>
<last_name>Blunt</last_name>
<first_name>Roy</first_name>
<party>R</party>
<state>MO</state>
<vote_cast>Nay</vote_cast>
<lis_member_id>S342</lis_member_id>
</member>
<member>
<member_full>Booker (D-NJ)</member_full>
<last_name>Booker</last_name>
<first_name>Cory</first_name>
<party>D</party>
<state>NJ</state>
<vote_cast>Yea</vote_cast>
<lis_member_id>S370</lis_member_id>
</member>
<member>
<member_full>Boozman (R-AR)</member_full>
<last_name>Boozman</last_name>
<first_name>John</first_name>
<party>R</party>
<state>AR</state>
<vote_cast>Nay</vote_cast>
<lis_member_id>S343</lis_member_id>
</member>
<member>
<member_full>Boxer (D-CA)</member_full>
<last_name>Boxer</last_name>
<first_name>Barbara</first_name>
<party>D</party>
<state>CA</state>
<vote_cast>Yea</vote_cast>
<lis_member_id>S223</lis_member_id>
</member>
<member>
<member_full>Brown (D-OH)</member_full>
<last_name>Brown</last_name>
<first_name>Sherrod</first_name>
<party>D</party>
<state>OH</state>
<vote_cast>Yea</vote_cast>
<lis_member_id>S307</lis_member_id>
</member>
<member>
<member_full>Burr (R-NC)</member_full>
<last_name>Burr</last_name>
<first_name>Richard</first_name>
<party>R</party>
<state>NC</state>
<vote_cast>Nay</vote_cast>
<lis_member_id>S300</lis_member_id>
</member>
<member>
<member_full>Cantwell (D-WA)</member_full>
<last_name>Cantwell</last_name>
<first_name>Maria</first_name>
<party>D</party>
<state>WA</state>
<vote_cast>Yea</vote_cast>
<lis_member_id>S275</lis_member_id>
</member>
<member>
<member_full>Cardin (D-MD)</member_full>
<last_name>Cardin</last_name>
<first_name>Ben</first_name>
<party>D</party>
<state>MD</state>
<vote_cast>Yea</vote_cast>
<lis_member_id>S308</lis_member_id>
</member>
<member>
<member_full>Carper (D-DE)</member_full>
<last_name>Carper</last_name>
<first_name>Thomas</first_name>
<party>D</party>
<state>DE</state>
<vote_cast>Yea</vote_cast>
<lis_member_id>S277</lis_member_id>
</member>
<member>
<member_full>Casey (D-PA)</member_full>
<last_name>Casey</last_name>
<first_name>Bob</first_name>
<party>D</party>
<state>PA</state>
<vote_cast>Yea</vote_cast>
<lis_member_id>S309</lis_member_id>
</member>
<member>
<member_full>Chambliss (R-GA)</member_full>
<last_name>Chambliss</last_name>
<first_name>Saxby</first_name>
<party>R</party>
<state>GA</state>
<vote_cast>Nay</vote_cast>
<lis_member_id>S290</lis_member_id>
</member>
<member>
<member_full>Coats (R-IN)</member_full>
<last_name>Coats</last_name>
<first_name>Dan</first_name>
<party>R</party>
<state>IN</state>
<vote_cast>Nay</vote_cast>
<lis_member_id>S212</lis_member_id>
</member>
<member>
<member_full>Coburn (R-OK)</member_full>
<last_name>Coburn</last_name>
<first_name>Tom</first_name>
<party>R</party>
<state>OK</state>
<vote_cast>Nay</vote_cast>
<lis_member_id>S301</lis_member_id>
</member>
<member>
<member_full>Cochran (R-MS)</member_full>
<last_name>Cochran</last_name>
<first_name>Thad</first_name>
<party>R</party>
<state>MS</state>
<vote_cast>Nay</vote_cast>
<lis_member_id>S136</lis_member_id>
</member>
<member>
<member_full>Collins (R-ME)</member_full>
<last_name>Collins</last_name>
<first_name>Susan</first_name>
<party>R</party>
<state>ME</state>
<vote_cast>Yea</vote_cast>
<lis_member_id>S252</lis_member_id>
</member>
<member>
<member_full>Coons (D-DE)</member_full>
<last_name>Coons</last_name>
<first_name>Christopher</first_name>
<party>D</party>
<state>DE</state>
<vote_cast>Yea</vote_cast>
<lis_member_id>S337</lis_member_id>
</member>
<member>
<member_full>Corker (R-TN)</member_full>
<last_name>Corker</last_name>
<first_name>Bob</first_name>
<party>R</party>
<state>TN</state>
<vote_cast>Nay</vote_cast>
<lis_member_id>S310</lis_member_id>
</member>
<member>
<member_full>Cornyn (R-TX)</member_full>
<last_name>Cornyn</last_name>
<first_name>John</first_name>
<party>R</party>
<state>TX</state>
<vote_cast>Nay</vote_cast>
<lis_member_id>S287</lis_member_id>
</member>
<member>
<member_full>Crapo (R-ID)</member_full>
<last_name>Crapo</last_name>
<first_name>Mike</first_name>
<party>R</party>
<state>ID</state>
<vote_cast>Nay</vote_cast>
<lis_member_id>S266</lis_member_id>
</member>
<member>
<member_full>Cruz (R-TX)</member_full>
<last_name>Cruz</last_name>
<first_name>Ted</first_name>
<party>R</party>
<state>TX</state>
<vote_cast>Nay</vote_cast>
<lis_member_id>S355</lis_member_id>
</member>
<member>
<member_full>Donnelly (D-IN)</member_full>
<last_name>Donnelly</last_name>
<first_name>Joe</first_name>
<party>D</party>
<state>IN</state>
<vote_cast>Yea</vote_cast>
<lis_member_id>S356</lis_member_id>
</member>
<member>
<member_full>Durbin (D-IL)</member_full>
<last_name>Durbin</last_name>
<first_name>Richard</first_name>
<party>D</party>
<state>IL</state>
<vote_cast>Yea</vote_cast>
<lis_member_id>S253</lis_member_id>
</member>
<member>
<member_full>Enzi (R-WY)</member_full>
<last_name>Enzi</last_name>
<first_name>Michael</first_name>
<party>R</party>
<state>WY</state>
<vote_cast>Nay</vote_cast>
<lis_member_id>S254</lis_member_id>
</member>
<member>
<member_full>Feinstein (D-CA)</member_full>
<last_name>Feinstein</last_name>
<first_name>Dianne</first_name>
<party>D</party>
<state>CA</state>
<vote_cast>Yea</vote_cast>
<lis_member_id>S221</lis_member_id>
</member>
<member>
<member_full>Fischer (R-NE)</member_full>
<last_name>Fischer</last_name>
<first_name>Deb</first_name>
<party>R</party>
<state>NE</state>
<vote_cast>Nay</vote_cast>
<lis_member_id>S357</lis_member_id>
</member>
<member>
<member_full>Flake (R-AZ)</member_full>
<last_name>Flake</last_name>
<first_name>Jeff</first_name>
<party>R</party>
<state>AZ</state>
<vote_cast>Not Voting</vote_cast>
<lis_member_id>S358</lis_member_id>
</member>
<member>
<member_full>Franken (D-MN)</member_full>
<last_name>Franken</last_name>
<first_name>Al</first_name>
<party>D</party>
<state>MN</state>
<vote_cast>Yea</vote_cast>
<lis_member_id>S332</lis_member_id>
</member>
<member>
<member_full>Gillibrand (D-NY)</member_full>
<last_name>Gillibrand</last_name>
<first_name>Kirsten</first_name>
<party>D</party>
<state>NY</state>
<vote_cast>Yea</vote_cast>
<lis_member_id>S331</lis_member_id>
</member>
<member>
<member_full>Graham (R-SC)</member_full>
<last_name>Graham</last_name>
<first_name>Lindsey</first_name>
<party>R</party>
<state>SC</state>
<vote_cast>Nay</vote_cast>
<lis_member_id>S293</lis_member_id>
</member>
<member>
<member_full>Grassley (R-IA)</member_full>
<last_name>Grassley</last_name>
<first_name>Chuck</first_name>
<party>R</party>
<state>IA</state>
<vote_cast>Nay</vote_cast>
<lis_member_id>S153</lis_member_id>
</member>
<member>
<member_full>Hagan (D-NC)</member_full>
<last_name>Hagan</last_name>
<first_name>Kay</first_name>
<party>D</party>
<state>NC</state>
<vote_cast>Yea</vote_cast>
<lis_member_id>S320</lis_member_id>
</member>
<member>
<member_full>Harkin (D-IA)</member_full>
<last_name>Harkin</last_name>
<first_name>Tom</first_name>
<party>D</party>
<state>IA</state>
<vote_cast>Yea</vote_cast>
<lis_member_id>S172</lis_member_id>
</member>
<member>
<member_full>Hatch (R-UT)</member_full>
<last_name>Hatch</last_name>
<first_name>Orrin</first_name>
<party>R</party>
<state>UT</state>
<vote_cast>Yea</vote_cast>
<lis_member_id>S118</lis_member_id>
</member>
<member>
<member_full>Heinrich (D-NM)</member_full>
<last_name>Heinrich</last_name>
<first_name>Martin</first_name>
<party>D</party>
<state>NM</state>
<vote_cast>Yea</vote_cast>
<lis_member_id>S359</lis_member_id>
</member>
<member>
<member_full>Heitkamp (D-ND)</member_full>
<last_name>Heitkamp</last_name>
<first_name>Heidi</first_name>
<party>D</party>
<state>ND</state>
<vote_cast>Yea</vote_cast>
<lis_member_id>S360</lis_member_id>
</member>
<member>
<member_full>Heller (R-NV)</member_full>
<last_name>Heller</last_name>
<first_name>Dean</first_name>
<party>R</party>
<state>NV</state>
<vote_cast>Nay</vote_cast>
<lis_member_id>S352</lis_member_id>
</member>
<member>
<member_full>Hirono (D-HI)</member_full>
<last_name>Hirono</last_name>
<first_name>Mazie</first_name>
<party>D</party>
<state>HI</state>
<vote_cast>Yea</vote_cast>
<lis_member_id>S361</lis_member_id>
</member>
<member>
<member_full>Hoeven (R-ND)</member_full>
<last_name>Hoeven</last_name>
<first_name>John</first_name>
<party>R</party>
<state>ND</state>
<vote_cast>Nay</vote_cast>
<lis_member_id>S344</lis_member_id>
</member>
<member>
<member_full>Inhofe (R-OK)</member_full>
<last_name>Inhofe</last_name>
<first_name>Jim</first_name>
<party>R</party>
<state>OK</state>
<vote_cast>Nay</vote_cast>
<lis_member_id>S236</lis_member_id>
</member>
<member>
<member_full>Isakson (R-GA)</member_full>
<last_name>Isakson</last_name>
<first_name>Johnny</first_name>
<party>R</party>
<state>GA</state>
<vote_cast>Not Voting</vote_cast>
<lis_member_id>S305</lis_member_id>
</member>
<member>
<member_full>Johanns (R-NE)</member_full>
<last_name>Johanns</last_name>
<first_name>Mike</first_name>
<party>R</party>
<state>NE</state>
<vote_cast>Not Voting</vote_cast>
<lis_member_id>S321</lis_member_id>
</member>
<member>
<member_full>Johnson (D-SD)</member_full>
<last_name>Johnson</last_name>
<first_name>Tim</first_name>
<party>D</party>
<state>SD</state>
<vote_cast>Yea</vote_cast>
<lis_member_id>S257</lis_member_id>
</member>
<member>
<member_full>Johnson (R-WI)</member_full>
<last_name>Johnson</last_name>
<first_name>Ron</first_name>
<party>R</party>
<state>WI</state>
<vote_cast>Nay</vote_cast>
<lis_member_id>S345</lis_member_id>
</member>
<member>
<member_full>Kaine (D-VA)</member_full>
<last_name>Kaine</last_name>
<first_name>Timothy</first_name>
<party>D</party>
<state>VA</state>
<vote_cast>Yea</vote_cast>
<lis_member_id>S362</lis_member_id>
</member>
<member>
<member_full>King (I-ME)</member_full>
<last_name>King</last_name>
<first_name>Angus</first_name>
<party>I</party>
<state>ME</state>
<vote_cast>Yea</vote_cast>
<lis_member_id>S363</lis_member_id>
</member>
<member>
<member_full>Kirk (R-IL)</member_full>
<last_name>Kirk</last_name>
<first_name>Mark</first_name>
<party>R</party>
<state>IL</state>
<vote_cast>Nay</vote_cast>
<lis_member_id>S339</lis_member_id>
</member>
<member>
<member_full>Klobuchar (D-MN)</member_full>
<last_name>Klobuchar</last_name>
<first_name>Amy</first_name>
<party>D</party>
<state>MN</state>
<vote_cast>Yea</vote_cast>
<lis_member_id>S311</lis_member_id>
</member>
<member>
<member_full>Landrieu (D-LA)</member_full>
<last_name>Landrieu</last_name>
<first_name>Mary</first_name>
<party>D</party>
<state>LA</state>
<vote_cast>Yea</vote_cast>
<lis_member_id>S258</lis_member_id>
</member>
<member>
<member_full>Leahy (D-VT)</member_full>
<last_name>Leahy</last_name>
<first_name>Patrick</first_name>
<party>D</party>
<state>VT</state>
<vote_cast>Yea</vote_cast>
<lis_member_id>S057</lis_member_id>
</member>
<member>
<member_full>Lee (R-UT)</member_full>
<last_name>Lee</last_name>
<first_name>Mike</first_name>
<party>R</party>
<state>UT</state>
<vote_cast>Nay</vote_cast>
<lis_member_id>S346</lis_member_id>
</member>
<member>
<member_full>Levin (D-MI)</member_full>
<last_name>Levin</last_name>
<first_name>Carl</first_name>
<party>D</party>
<state>MI</state>
<vote_cast>Yea</vote_cast>
<lis_member_id>S131</lis_member_id>
</member>
<member>
<member_full>Manchin (D-WV)</member_full>
<last_name>Manchin</last_name>
<first_name>Joe</first_name>
<party>D</party>
<state>WV</state>
<vote_cast>Yea</vote_cast>
<lis_member_id>S338</lis_member_id>
</member>
<member>
<member_full>Markey (D-MA)</member_full>
<last_name>Markey</last_name>
<first_name>Edward</first_name>
<party>D</party>
<state>MA</state>
<vote_cast>Yea</vote_cast>
<lis_member_id>S369</lis_member_id>
</member>
<member>
<member_full>McCain (R-AZ)</member_full>
<last_name>McCain</last_name>
<first_name>John</first_name>
<party>R</party>
<state>AZ</state>
<vote_cast>Nay</vote_cast>
<lis_member_id>S197</lis_member_id>
</member>
<member>
<member_full>McCaskill (D-MO)</member_full>
<last_name>McCaskill</last_name>
<first_name>Claire</first_name>
<party>D</party>
<state>MO</state>
<vote_cast>Yea</vote_cast>
<lis_member_id>S312</lis_member_id>
</member>
<member>
<member_full>McConnell (R-KY)</member_full>
<last_name>McConnell</last_name>
<first_name>Mitch</first_name>
<party>R</party>
<state>KY</state>
<vote_cast>Nay</vote_cast>
<lis_member_id>S174</lis_member_id>
</member>
<member>
<member_full>Menendez (D-NJ)</member_full>
<last_name>Menendez</last_name>
<first_name>Robert</first_name>
<party>D</party>
<state>NJ</state>
<vote_cast>Yea</vote_cast>
<lis_member_id>S306</lis_member_id>
</member>
<member>
<member_full>Merkley (D-OR)</member_full>
<last_name>Merkley</last_name>
<first_name>Jeff</first_name>
<party>D</party>
<state>OR</state>
<vote_cast>Yea</vote_cast>
<lis_member_id>S322</lis_member_id>
</member>
<member>
<member_full>Mikulski (D-MD)</member_full>
<last_name>Mikulski</last_name>
<first_name>Barbara</first_name>
<party>D</party>
<state>MD</state>
<vote_cast>Yea</vote_cast>
<lis_member_id>S182</lis_member_id>
</member>
<member>
<member_full>Moran (R-KS)</member_full>
<last_name>Moran</last_name>
<first_name>Jerry</first_name>
<party>R</party>
<state>KS</state>
<vote_cast>Nay</vote_cast>
<lis_member_id>S347</lis_member_id>
</member>
<member>
<member_full>Murkowski (R-AK)</member_full>
<last_name>Murkowski</last_name>
<first_name>Lisa</first_name>
<party>R</party>
<state>AK</state>
<vote_cast>Nay</vote_cast>
<lis_member_id>S288</lis_member_id>
</member>
<member>
<member_full>Murphy (D-CT)</member_full>
<last_name>Murphy</last_name>
<first_name>Christopher</first_name>
<party>D</party>
<state>CT</state>
<vote_cast>Yea</vote_cast>
<lis_member_id>S364</lis_member_id>
</member>
<member>
<member_full>Murray (D-WA)</member_full>
<last_name>Murray</last_name>
<first_name>Patty</first_name>
<party>D</party>
<state>WA</state>
<vote_cast>Yea</vote_cast>
<lis_member_id>S229</lis_member_id>
</member>
<member>
<member_full>Nelson (D-FL)</member_full>
<last_name>Nelson</last_name>
<first_name>Bill</first_name>
<party>D</party>
<state>FL</state>
<vote_cast>Yea</vote_cast>
<lis_member_id>S282</lis_member_id>
</member>
<member>
<member_full>Paul (R-KY)</member_full>
<last_name>Paul</last_name>
<first_name>Rand</first_name>
<party>R</party>
<state>KY</state>
<vote_cast>Nay</vote_cast>
<lis_member_id>S348</lis_member_id>
</member>
<member>
<member_full>Portman (R-OH)</member_full>
<last_name>Portman</last_name>
<first_name>Rob</first_name>
<party>R</party>
<state>OH</state>
<vote_cast>Nay</vote_cast>
<lis_member_id>S349</lis_member_id>
</member>
<member>
<member_full>Pryor (D-AR)</member_full>
<last_name>Pryor</last_name>
<first_name>Mark</first_name>
<party>D</party>
<state>AR</state>
<vote_cast>Yea</vote_cast>
<lis_member_id>S295</lis_member_id>
</member>
<member>
<member_full>Reed (D-RI)</member_full>
<last_name>Reed</last_name>
<first_name>John</first_name>
<party>D</party>
<state>RI</state>
<vote_cast>Yea</vote_cast>
<lis_member_id>S259</lis_member_id>
</member>
<member>
<member_full>Reid (D-NV)</member_full>
<last_name>Reid</last_name>
<first_name>Harry</first_name>
<party>D</party>
<state>NV</state>
<vote_cast>Not Voting</vote_cast>
<lis_member_id>S198</lis_member_id>
</member>
<member>
<member_full>Risch (R-ID)</member_full>
<last_name>Risch</last_name>
<first_name>James</first_name>
<party>R</party>
<state>ID</state>
<vote_cast>Nay</vote_cast>
<lis_member_id>S323</lis_member_id>
</member>
<member>
<member_full>Roberts (R-KS)</member_full>
<last_name>Roberts</last_name>
<first_name>Pat</first_name>
<party>R</party>
<state>KS</state>
<vote_cast>Nay</vote_cast>
<lis_member_id>S260</lis_member_id>
</member>
<member>
<member_full>Rockefeller (D-WV)</member_full>
<last_name>Rockefeller</last_name>
<first_name>Jay</first_name>
<party>D</party>
<state>WV</state>
<vote_cast>Yea</vote_cast>
<lis_member_id>S176</lis_member_id>
</member>
<member>
<member_full>Rubio (R-FL)</member_full>
<last_name>Rubio</last_name>
<first_name>Marco</first_name>
<party>R</party>
<state>FL</state>
<vote_cast>Nay</vote_cast>
<lis_member_id>S350</lis_member_id>
</member>
<member>
<member_full>Sanders (I-VT)</member_full>
<last_name>Sanders</last_name>
<first_name>Bernie</first_name>
<party>I</party>
<state>VT</state>
<vote_cast>Yea</vote_cast>
<lis_member_id>S313</lis_member_id>
</member>
<member>
<member_full>Schatz (D-HI)</member_full>
<last_name>Schatz</last_name>
<first_name>Brian</first_name>
<party>D</party>
<state>HI</state>
<vote_cast>Yea</vote_cast>
<lis_member_id>S353</lis_member_id>
</member>
<member>
<member_full>Schumer (D-NY)</member_full>
<last_name>Schumer</last_name>
<first_name>Charles</first_name>
<party>D</party>
<state>NY</state>
<vote_cast>Yea</vote_cast>
<lis_member_id>S270</lis_member_id>
</member>
<member>
<member_full>Scott (R-SC)</member_full>
<last_name>Scott</last_name>
<first_name>Timothy</first_name>
<party>R</party>
<state>SC</state>
<vote_cast>Nay</vote_cast>
<lis_member_id>S365</lis_member_id>
</member>
<member>
<member_full>Sessions (R-AL)</member_full>
<last_name>Sessions</last_name>
<first_name>Jeff</first_name>
<party>R</party>
<state>AL</state>
<vote_cast>Nay</vote_cast>
<lis_member_id>S261</lis_member_id>
</member>
<member>
<member_full>Shaheen (D-NH)</member_full>
<last_name>Shaheen</last_name>
<first_name>Jeanne</first_name>
<party>D</party>
<state>NH</state>
<vote_cast>Yea</vote_cast>
<lis_member_id>S324</lis_member_id>
</member>
<member>
<member_full>Shelby (R-AL)</member_full>
<last_name>Shelby</last_name>
<first_name>Richard</first_name>
<party>R</party>
<state>AL</state>
<vote_cast>Nay</vote_cast>
<lis_member_id>S184</lis_member_id>
</member>
<member>
<member_full>Stabenow (D-MI)</member_full>
<last_name>Stabenow</last_name>
<first_name>Debbie</first_name>
<party>D</party>
<state>MI</state>
<vote_cast>Yea</vote_cast>
<lis_member_id>S284</lis_member_id>
</member>
<member>
<member_full>Tester (D-MT)</member_full>
<last_name>Tester</last_name>
<first_name>Jon</first_name>
<party>D</party>
<state>MT</state>
<vote_cast>Yea</vote_cast>
<lis_member_id>S314</lis_member_id>
</member>
<member>
<member_full>Thune (R-SD)</member_full>
<last_name>Thune</last_name>
<first_name>John</first_name>
<party>R</party>
<state>SD</state>
<vote_cast>Nay</vote_cast>
<lis_member_id>S303</lis_member_id>
</member>
<member>
<member_full>Toomey (R-PA)</member_full>
<last_name>Toomey</last_name>
<first_name>Pat</first_name>
<party>R</party>
<state>PA</state>
<vote_cast>Nay</vote_cast>
<lis_member_id>S351</lis_member_id>
</member>
<member>
<member_full>Udall (D-CO)</member_full>
<last_name>Udall</last_name>
<first_name>Mark</first_name>
<party>D</party>
<state>CO</state>
<vote_cast>Yea</vote_cast>
<lis_member_id>S325</lis_member_id>
</member>
<member>
<member_full>Udall (D-NM)</member_full>
<last_name>Udall</last_name>
<first_name>Tom</first_name>
<party>D</party>
<state>NM</state>
<vote_cast>Yea</vote_cast>
<lis_member_id>S326</lis_member_id>
</member>
<member>
<member_full>Vitter (R-LA)</member_full>
<last_name>Vitter</last_name>
<first_name>David</first_name>
<party>R</party>
<state>LA</state>
<vote_cast>Nay</vote_cast>
<lis_member_id>S299</lis_member_id>
</member>
<member>
<member_full>Warner (D-VA)</member_full>
<last_name>Warner</last_name>
<first_name>Mark</first_name>
<party>D</party>
<state>VA</state>
<vote_cast>Yea</vote_cast>
<lis_member_id>S327</lis_member_id>
</member>
<member>
<member_full>Warren (D-MA)</member_full>
<last_name>Warren</last_name>
<first_name>Elizabeth</first_name>
<party>D</party>
<state>MA</state>
<vote_cast>Yea</vote_cast>
<lis_member_id>S366</lis_member_id>
</member>
<member>
<member_full>Whitehouse (D-RI)</member_full>
<last_name>Whitehouse</last_name>
<first_name>Sheldon</first_name>
<party>D</party>
<state>RI</state>
<vote_cast>Yea</vote_cast>
<lis_member_id>S316</lis_member_id>
</member>
<member>
<member_full>Wicker (R-MS)</member_full>
<last_name>Wicker</last_name>
<first_name>Roger</first_name>
<party>R</party>
<state>MS</state>
<vote_cast>Nay</vote_cast>
<lis_member_id>S318</lis_member_id>
</member>
<member>
<member_full>Wyden (D-OR)</member_full>
<last_name>Wyden</last_name>
<first_name>Ron</first_name>
<party>D</party>
<state>OR</state>
<vote_cast>Yea</vote_cast>
<lis_member_id>S247</lis_member_id>
</member>
</members>
</roll_call_vote>